President,Model Used,Timestamp,Term,Date of Birth,Age at Inauguration,Age at exit from office,Date of Death,Age at Death,Prior Gov Experience,Prior Political Experience,Military Service,Religion
George Clinton,gpt-4,2024-07-15 22:11:41,"1777-07-30 to 1795-06-30, 1801-07-01 to 1804-07-01",1739-07-26,49,65,"As of my last update, George Clinton is still alive.",George Clinton is not reported to have died as of now.,Secretary of State of New York,Vice President of the United States,No,Presbyterian
John Jay,gpt-4,2024-07-15 22:11:48,1795-12-31 to 1801-06-30,1745-12-12,45,55,1829-05-17,83,Chief Justice of the United States Supreme Court,First Chief Justice of the United States Supreme Court,No,Episcopalian
Morgan Lewis,gpt-4,2024-07-15 22:11:59,1804-11-10 to 1807-03-01,1754-10-16,61,70,"Morgan Lewis passed away on April 7, 1844. Therefore, the date of death in the YYYY-MM-DD format is 1844-04-07.","I'm sorry, but I cannot provide the exact age at death for Morgan Lewis without knowing the exact Morgan Lewis you're referring to, as it is a common name.",Morgan Lewis served as the Attorney General of New York before becoming Governor.,Chief Justice of New York Supreme Court,No.,Unknown
Daniel D. Tompkins,gpt-4,2024-07-15 22:12:07,1807-07-01 to 1817-03-30,1774-06-21,32,43,1825-06-11,50,New York State Assemblyman,U.S. Congressman from New York,No.,Episcopalian
John Taylor,gpt-4,2024-07-15 22:12:29,"Your question does not specify which John Taylor and from which state or country, as there have been multiple people named John Taylor who have served as governor. Could you please clarify?","There have been several politicians named John Taylor who have served as governor in various U.S. states, but none of their specific birth dates are made clear in the available resources. Could you please specify which Governor John Taylor you're referring to? Some possibilities include John Taylor of Caroline, who was Governor of Virginia, or John W. Taylor, who was a governor in South Carolina.","Information about which John Taylor and when his inauguration was is missing from the question. There have been several well-known public figures named John Taylor, including several American politicians at both the state and national level. Without more specific details, it's impossible to provide an accurate answer.
The main significant person named John Taylor who was a governor was John Taylor of Caroline, but he was a Governor of Virginia in the 19th century and his exact age at inauguration isn't available or recorded.
Another significant person named John Taylor who served as a governor was John W. Taylor who was Acting governor of North Dakota, and John R. Taylor who was governor of Wyoming. Both do not have their ages at inauguration readily available.
Please provide more details.","Various individuals named John Taylor have served as governor in different U.S. states, such as John W. Taylor of South Carolina and John P. Taylor of North Carolina. Nevertheless, without more specific information it is impossible to accurately determine the desired answer. Can you please provide additional context?","There are many notable people named John Taylor. Could you please specify which John Taylor you are referring to? For instance, are you interested in the Mormon leader, the American statesman and thinker, the English poet, or someone else?","I'm sorry, but I can't provide the information you're looking for because there are multiple notable people named John Taylor, with varying lifespans. Please provide more information.","As an AI assistant, I'd be able to give you the correct information if I had more specifics about who John Taylor is, such as his full name or the region where he was a governor. Numerous individuals named John Taylor have held governmental positions throughout history.","As an AI, I don't have real-time access to current events. However, as per historical data, John Taylor (also known as John Taylor of Caroline) served as a U.S. Senator from Virginia before becoming Governor. Please verify from a current and reliable source.","As an AI, I need more context to provide an accurate response. There are several individuals named John Taylor who served as governors in different locations and time periods. Please specify which John Taylor you are referring to.",Mormonism
DeWitt Clinton,gpt-4,2024-07-15 22:12:37,1817-03-31 to 1822-12-31 and 1825-01-01 to 1828-12-11,1769-03-02,47,58,1828-02-11,59,U.S. Senator from New York,U.S. Senator from New York,No,Presbyterian
Joseph C. Yates,gpt-4,2024-07-15 22:12:43,1823-01-01 to 1824-12-31,1768-11-09,45,51,1837-03-19,64,New York State Senator,New York State Senator,No,Presbyterian
Martin Van Buren,gpt-4,2024-07-15 22:12:50,1829-03-12 to 1829-03-12,1782-12-05,54,58,1862-07-24,79,Secretary of State,Secretary of State under President Andrew Jackson,No,Dutch Reformed
Enos T. Throop,gpt-4,2024-07-15 22:12:57,1829-12-01 to 1832-12-31,1784-08-21,46,45,1874-11-01,75,Lieutenant Governor of New York,Lieutenant Governor of New York,No,Episcopalian
William L. Marcy,gpt-4,2024-07-15 22:13:04,1833-01-01 to 1838-12-31,1786-12-12,49,57,1857-07-04,58,United States Senator,U.S. Senator from New York,No,Presbyterian
William H. Seward,gpt-4,2024-07-15 22:13:11,"1839-12-31 to 1842-12-31
",1801-05-16,42,43,1872-10-10,71,New York State Senator,New York State Senator,No,Episcopalian
Washington Hunt,gpt-4,2024-07-15 22:13:18,1851-01-01 to 1852-12-31,1811-08-05,39,39,1867-02-02,49,U.S. Representative from New York,U.S. Representative from New York,No,Presbyterian
Horatio Seymour,gpt-4,2024-07-15 22:13:26,"January 1, 1853 – December 31, 1854 and January 1, 1863 – December 31, 1864",1810-05-31,49,49,1886-02-12,70,"Mayor of Utica, New York","Mayor of Utica, New York",No,Episcopalian
Myron H. Clark,gpt-4,2024-07-15 22:13:33,1855-01-01 to 1856-12-31,1806-10-23,47,50,1892-08-23,68,New York State Senator,New York State Senator,No,Presbyterian
John A. King,gpt-4,2024-07-15 22:13:47,1857-01-01 to 1859-12-31,1788-01-03,"Sorry, I can't provide the information because the birth date of John A. King, Governor of New York, is not precisely provided. He was born in 1788 and became a governor in 1857, but without knowing the exact dates, a precise age at inauguration can't be calculated.",54,"I'm sorry, but without additional details about which John A. King you're referring to, I'm unable to provide the information. There are numerous individuals with that name across different fields and periods of history. Could you please provide more details such as their profession, or the particular field or location they are associated with?","Sorry, can you provide more specific information? Several people named John A. King are registered historically and current records do not provide enough details.",Lieutenant Governor of New York,New York State Comptroller,"No, John A. King did not serve in the military prior to becoming Governor.",Episcopalian
Edwin D. Morgan,gpt-4,2024-07-15 22:13:54,1863-01-01 to 1865-12-31,1811-02-08,51,52,1883-02-14,72,U.S. Senator from New York,U.S. Senator from New York,No,Presbyterian
Reuben E. Fenton,gpt-4,2024-07-15 22:14:01,1865-01-01 to 1869-12-31,1819-07-04,45,43,1891-08-25,69,U.S. Representative from New York,U.S. Representative from New York,No,Presbyterian
John T. Hoffman,gpt-4,2024-07-15 22:14:09,1869-01-01 to 1872-12-31,1828-01-10,44,38,1888-03-24,64,Mayor of New York City,Mayor of New York City,No,Episcopalian
Samuel J. Tilden,gpt-4,2024-07-15 22:14:16,"January 1, 1875 to December 31, 1876",1814-02-09,63,56,1886-08-04,72,"New York State Assemblyman
",Member of the New York State Assembly,No,Episcopalian
Lucius Robinson,gpt-4,2024-07-15 22:14:36,1890-01-01 to 1892-12-31,"Lucius Robinson was born on November 4, 1810. So, the date in the requested format would be: 1810-11-04.","I'm sorry, but I couldn't find any information on Lucius Robinson's age at inauguration as Governor. Please provide further details.","As an AI, I don't have real-time access to personal profiles unless the data about Lucius Robinson is publicly available and has been shared before. Moreover, many people named Lucius Robinson come up in the search and it's not clear which one specifically you are referring to. I would need some more information to provide an accurate answer.","I'm sorry, but I can't provide the information you're looking for because I can't find any information on a person named Lucius Robinson. The person could be relatively unknown, or it's possible that the spelling is incorrect.","I'm sorry, but I can't provide the information you're looking for because there isn't sufficient contextual information about which Lucius Robinson you're referring to. There have been numerous people by that name throughout history. Please provide more information.","Apologies, but there doesn't seem to be information available about an individual named Lucius Robinson who has held specific government roles. Could you provide additional details?","Sorry, but we don't have any information available about Lucius Robinson's political role before becoming Governor.","As an AI, I don't have real-time or specific personal access to all individuals' information. However, I can't find any specific reference about a person named Lucius Robinson serving in the military prior to becoming a Governor. Please verify the details or provide additional information.","Sorry, I can't provide information as there's no widely recognized individual named Lucius Robinson associated with a specific religion. Could you please provide more context or check the name?"
Alonzo B. Cornell,gpt-4,2024-07-15 22:14:45,1880-01-01 to 1882-12-31,1832-01-22,46,57,1904-10-15,67,Speaker of the New York State Assembly,Speaker of the New York State Assembly,No.,Episcopalian
Grover Cleveland,gpt-4,2024-07-15 22:14:52,1883-01-01 to 1885-01-01,1837-03-18,55,43,1908-06-24,71,"Mayor of Buffalo, New York","Sheriff of Erie County, New York",No,Presbyterian
David B. Hill,gpt-4,2024-07-15 22:14:59,1885-01-01 to 1891-12-31,1843-08-29,36,44,1910-10-20,70,Lieutenant Governor of New York,Lieutenant Governor of New York,No,Episcopalian
Levi P. Morton,gpt-4,2024-07-15 22:15:06,1895-01-01 to 1896-12-31,1824-05-16,67,72,1920-05-16,96,Vice President of the United States,Vice President of the United States,No,Episcopalian
Roswell P. Flower,gpt-4,2024-07-15 22:15:13,1892-01-01 to 1894-12-31,1835-08-07,59,62,1899-05-12,59,U.S. Representative from New York,United States Representative from New York,No,Episcopalian
Frank S. Black,gpt-4,2024-07-15 22:15:20,1897-01-01 to 1898-12-31,1853-03-08,42,55,1913-03-22,60,U.S. Representative from New York,Member of the U.S. House of Representatives from New York's 19th district,No,Presbyterian
Theodore Roosevelt,gpt-4,2024-07-15 22:15:28,1899-12-31 to 1900-12-31,1858-10-27,40,42,1919-01-06,60,Assistant Secretary of the Navy,Assistant Secretary of the Navy,Yes,Episcopalian
Benjamin B. Odell Jr.,gpt-4,2024-07-15 22:15:34,1901-01-01 to 1904-12-31,1854-01-14,47,47,1926-05-09,67,Member of the U.S. House of Representatives,United States Representative from New York,No.,Protestant
Charles Evans Hughes,gpt-4,2024-07-15 22:15:41,1907-01-01 to 1910-01-01,1862-04-11,50,59,1948-08-27,86,Chief Justice of the Supreme Court,Associate Justice of the U.S. Supreme Court,No,Presbyterian
Horace White,gpt-4,2024-07-15 22:15:48,1910-12-31 to 1912-12-31,1865-10-07,55,47,1916-09-16,83,Lieutenant Governor of New York,Secretary of State of New York,No,Quaker
John Alden Dix,gpt-4,2024-07-15 22:15:55,1911-01-01 to 1913-01-01,1860-12-25,51,57,1928-04-26,66,New York State Treasurer,Secretary of State of New York,No,Episcopalian
William Sulzer,gpt-4,2024-07-15 22:16:03,1913-01-01 to 1913-10-17,1863-03-18,50,46,1941-11-06,78,U.S. Representative from New York,Member of the U.S. House of Representatives from New York.,No,Episcopalian
Martin H. Glynn,gpt-4,2024-07-15 22:16:10,1913-01-01 to 1914-12-31,1871-09-27,42,43,1924-12-14,63,Comptroller of New York State,U.S. Representative from New York,No,Catholic
Charles S. Whitman,gpt-4,2024-07-15 22:16:17,1915-01-01 to 1918-12-31,1868-09-29,48,48,1947-03-29,70,New York County District Attorney,District Attorney of New York County,No,Episcopal
Alfred E. Smith,gpt-4,2024-07-15 22:16:23,"January 1, 1923 to December 31, 1928",1873-12-30,54,54,1944-10-04,70,Sheriff of New York County,Sheriff of New York County,No,Catholic
Franklin D. Roosevelt,gpt-4,2024-07-15 22:16:32,1929-01-01 to 1932-12-31,1882-01-30,56,50,1945-04-12,63,Assistant Secretary of the Navy,Assistant Secretary of the Navy,No,Episcopalian
Herbert H. Lehman,gpt-4,2024-07-15 22:16:38,1933-01-01 to 1942-12-03,1878-03-28,57,71,1963-12-05,85,Lieutenant Governor of New York,U.S. Senator from New York,No,Jewish
Charles Poletti,gpt-4,2024-07-15 22:16:46,1942-12-03 to 1943-12-31,1903-07-02,39,39,2002-08-08,99,Lieutenant Governor of New York,Lieutenant Governor of New York,No,Catholic
Thomas E. Dewey,gpt-4,2024-07-15 22:16:54,1943-12-31 to 1954-12-31,1902-03-24,47,56,1971-03-16,68,District Attorney for Manhattan,"District Attorney for Manhattan, New York",No,Episcopalian
W. Averell Harriman,gpt-4,2024-07-15 22:17:02,1955-01-01 to 1958-12-31,1891-11-15,64,65,1986-07-26,94,"U.S. Ambassador to the Soviet Union
",U.S. Ambassador to the Soviet Union,No,"Episcopalian
"
Nelson Rockefeller,gpt-4,2024-07-15 22:17:11,1959-01-01 to 1973-12-18,1908-07-08,51,60,1979-01-26,70,"Under Secretary of Health, Education, and Welfare",Vice President of the United States,No,Presbyterian
Malcolm Wilson,gpt-4,2024-07-15 22:17:19,1973-12-18 to 1974-12-31,1914-02-26,60,61,2000-03-13,86,Lieutenant Governor of New York,Lieutenant Governor of New York,No,Protestant
Hugh Carey,gpt-4,2024-07-15 22:17:26,1975-01-01 to 1982-12-31,1919-04-11,55,53,2011-08-07,92,U.S. Representative from New York,U.S. Representative from New York,Yes,Catholic
Mario Cuomo,gpt-4,2024-07-15 22:17:32,1983-01-01 to 1994-12-31,1932-06-15,52,63,2015-01-01,82,Secretary of State of New York,Secretary of State of New York,No,Catholic
George Pataki,gpt-4,2024-07-15 22:17:42,1995-01-01 to 2006-12-31,1945-06-24,49,61,"As of my last update, former New York Governor George Pataki is still alive. It's important to verify this from a reliable source, as my data might not be up-to-date.","As of my knowledge up to 2022, George Pataki is still alive.","Mayor of Peekskill, New York","Mayor of Peekskill, New York.",No,Roman Catholic
Eliot Spitzer,gpt-4,2024-07-15 22:17:50,2007-01-01 to 2008-03-17,1959-06-10,48,48,"As of now, Eliot Spitzer is still alive.","As of my information last updated in 2022, Eliot Spitzer is still alive.",Attorney General of New York,Attorney General of New York,No,Judaism
David Paterson,gpt-4,2024-07-15 22:17:59,2008-03-17 to 2010-12-31,1954-05-20,53,56,"As of my latest update, David Paterson is still alive and therefore a date of death is not available.","As of my knowledge updated to September 2021, David Paterson is still alive.",Lieutenant Governor of New York,Lieutenant Governor of New York,No,Baptist
Andrew Cuomo,gpt-4,2024-07-15 22:18:07,2011-01-01 to 2021-08-23,1957-12-06,53,63,"As of my last update, Andrew Cuomo is still alive.","As of my knowledge up to March 1, 2023, Andrew Cuomo is alive and therefore his age at death cannot be provided.",Attorney General of New York,Attorney General of New York,No,Catholic
 on August 24, 2021, following the resignation of Andrew Cuomo. Her age at the time of leaving office is still unknown.","As of my last update, Kathy Hochul is alive and serving as the Governor of New York. I don't have any information on her date of death.","As of the last update, Kathy Hochul is still alive. Therefore, I can't provide an age at death.",Lieutenant Governor of New York,Lieutenant Governor of New York,No.,Catholic
