President,Model Used,Timestamp,Term,Date of Birth,Age at Inauguration,Age at exit from office,Date of Death,Age at Death,Prior Gov Experience,Prior Political Experience,Military Service,Religion,Major Domestic Policy Issue 1,Major Domestic Policy Issue 2,Major Foreign Policy Issue 1,Major Foreign Policy Issue 2
George Washington,gpt-4,2024-07-14 16:48:09,1789-04-30 to 1797-03-04,1732-02-22,57,65,1799-12-14,67,Commander-in-Chief of the Continental Army,Commander-in-Chief of the Continental Army,Yes,Episcopalian,George Washington faced the challenge of creating a functional central government for the newly formed United States which included establishing precedents and creating administrative departments,"He also had to deal with the Whiskey Rebellion, which was a domestic uprising against the tax policies of his administration.",One of the major foreign policy challenges George Washington faced was maintaining neutrality during the conflict between England and France following the French Revolution,"another challenge was managing tensions with Britain, which continued to maintain a military presence in the Western Frontier and also disrupted American trade."
John Adams,gpt-4,2024-07-14 16:48:21,1797-03-04 to 1801-03-04,John Adams was born on 1735-10-30.,61,65,1826-07-04,90,Vice President of the United States,Vice President of the United States,No,Unitarian,"John Adams faced the XYZ Affair, a diplomatic scandal that increased tensions between the United States and France","He also grappled with opposition to the Alien and Sedition Acts, legislation passed under his administration that was heavily criticized for infringing on civil liberties.","One major foreign policy challenge faced by John Adams was the XYZ Affair, resulting in an undeclared naval war with France","The second challenge was managing diplomatic relations with Britain, which was always tense following the American Revolution."
Thomas Jefferson,gpt-4,2024-07-14 16:48:36,1801-03-04 to 1809-03-04,1743-04-13,57,65,1826-07-04,83,Vice President of the United States,Secretary of State,No,Deism,"Thomas Jefferson faced the challenge of the Louisiana Purchase, which although expanded the United States, also brought about legal and constitutional questions regarding land acquisition and ownership","He also grappled with the Embargo Act of 1807 that aimed to force Britain and France to respect American rights during the Napoleonic Wars, but it adversely affected American economy and was deeply unpopular.","One of the major foreign policy challenges faced by Thomas Jefferson was the Louisiana Purchase in 1803, which although doubled the size of the United States, also involved complicated negotiations with France","Additionally, Jefferson had to deal with the Barbary Wars, a conflict against pirate states in North Africa who were demanding tribute from American merchant ships."
James Madison,gpt-4,2024-07-14 16:48:48,1809-03-04 to 1817-03-04,1751-03-16,57,65,1836-06-28,85,Secretary of State,Secretary of State,No,Episcopalian,"James Madison faced the War of 1812, a conflict with Great Britain that brought significant economic hardship and a strong opposition from parts of the country, especially New England","Another major domestic challenge was the handling of the First Bank of the United States, its charter expired in 1811 and was not renewed, which led to inflation and economic instability.","James Madison faced the challenge of the War of 1812 with Britain, driven by trade restrictions and the impressment of American sailors","He also confronted issues with Spain over the possession of Florida, which involved border disputes and conflict over Spain harboring runaway slaves."
James Monroe,gpt-4,2024-07-14 16:49:03,1817-03-04 to 1825-03-04,1758-04-28,58,58,1831-07-04,73,Secretary of State,Secretary of State,Yes,Episcopalian,"James Monroe faced the challenge of dealing with the economic depression caused by the Panic of 1819, marking the end of the economic expansion after the War of 1812",He also struggled with the difficult issue of slavery during the Missouri Compromise in 1820 where disagreements emerged about maintaining the balance between slave and free states in the Union.,"One major foreign policy challenge faced by James Monroe was the issue of European colonization in the Americas, which resulted in the Monroe Doctrine in 1823 to deter European powers from further colonizing or interfering in the Western Hemisphere","Another challenge was managing relations with Britain after the War of 1812 including border disputes, which was resolved with the Rush-Bagot Treaty limiting naval armament on the Great Lakes and settling boundaries."
John Quincy Adams,gpt-4,2024-07-14 16:49:17,1825-03-04 to 1829-03-04,1767-07-11,57,57,1848-02-23,80,Secretary of State,Secretary of State,No,Unitarian,"John Quincy Adams faced strong opposition from Andrew Jackson's supporters, who accused him of winning the presidency through a ""corrupt bargain""",He also struggled with the issue of states' rights and was unable to push through his ambitious national programs due to lack of support from Congress and the American public.,"John Quincy Adams faced the major foreign policy challenge of defining American policy about European intervention in Latin America, which resulted in the Monroe Doctrine","additionally, he also struggled with managing complex and often contentious relationships with Britain, including negotiating the Treaty of 1818 that defined the Canada–US border."
Andrew Jackson,gpt-4,2024-07-14 16:49:30,1829-03-04 to 1837-03-04,1767-03-15,61,70,1845-06-08,78,U.S. Senator from Tennessee,Senator from Tennessee,Yes,Presbyterian,"One major domestic challenge faced by Andrew Jackson was the Nullification Crisis (1832-1833), where South Carolina threatened to secede from the Union over disagreements on federal tariff policy","another major challenge was the Bank War (1832-1836), in which Jackson vetoed the recharter of the Second Bank of the United States, leading to a major political and economic controversy.","Andrew Jackson's presidency faced the ongoing conflict with the British, dealing with unsettled issues from the War of 1812, primarily stemming from the disagreement over the geographical boundaries between the U.S. and Canadian territory","Additionally, he also had to manage the Nullification Crisis with South Carolina that challenged the balance of domestic powers and had significant foreign policy implications."
Martin Van Buren,gpt-4,2024-07-14 16:49:44,1837-03-04 to 1841-03-04,1782-12-05,54,58,1862-07-24,79,Vice President of the United States,Vice President of the United States,No,Dutch Reformed,"One of the major domestic challenges faced by Martin Van Buren was the severe economic depression, known as the Panic of 1837, which happened during the beginning of his presidency resulting in massive unemployment and bank failures","another challenge was the conflict and tension with the Native Americans, specifically the Trail of Tears which was the forced removal of Cherokee Indians from their lands.","One major foreign policy challenge faced by Martin Van Buren was the Aroostook War, a boundary dispute between the U.S. and Britain over the region that would eventually become the state of Maine","Another significant challenge was the Canadian Rebellion of 1837, where Van Buren had to maintain neutrality despite pressure from American citizens who wanted to aid the Canadian rebels against the British."
William Henry Harrison,gpt-4,2024-07-14 16:49:56,1841-03-04 to 1841-04-04,1773-02-09,68,68,1841-04-04,68,Governor of the Indiana Territory,Governor of Indiana Territory,Yes,Episcopalian,"William Henry Harrison's presidency was incredibly brief, lasting only 32 days as he passed away from pneumonia in April 1841","thus, he didn't truly have the time to face any major domestic challenges during his term.","William Henry Harrison served as president for only 32 days before dying of pneumonia, making him the shortest-serving U.S. president in history. Therefore, he didn't really have the chance to face any significant foreign policy challenges.",
John Tyler,gpt-4,2024-07-14 16:50:09,1841-04-04 to 1845-03-04,1790-03-29,51,54,1862-01-18,71,Vice President of the United States,Vice President of the United States,No,Episcopalian,"John Tyler faced significant opposition from both the Whig and Democratic parties due to his independent political stance, leading to a largely uncooperative Congress","Additionally, the issue of Texas annexation was a contentious topic during his presidency, exacerbating regional tension that would contribute to the Civil War.","John Tyler faced the challenge of resolving the Aroostook War, a border dispute between Maine and New Brunswick, Canada that nearly led to a full-blown conflict with Britain","Additionally, he struggled with the annexation of Texas, a controversial issue due to the addition of a new slave state and the potential for war with Mexico."
James K. Polk,gpt-4,2024-07-14 16:50:21,1845-03-04 to 1849-03-04,1795-11-02,49,53,1849-06-15,53,Governor of Tennessee,Governor of Tennessee,No,Methodist,"James K. Polk faced the challenge of managing the Mexico-American war, an armed conflict between the United States and Mexico","He also dealt with internal disputes centered around the issue of slavery, specifically if it should be allowed in the new territories gained from Mexico.","James K. Polk faced a significant challenge with the Mexican-American War, caused by conflicting territorial claims in Texas","He also faced difficulties in Oregon Territory, which was jointly occupied by the U.S and Great Britain, as he sought to assert American sovereignty over the region."
Zachary Taylor,gpt-4,2024-07-14 16:50:34,1849-03-04 to 1850-07-09,1784-11-24,64,65,1850-07-09,65,Zachary Taylor did not hold any government office before becoming president.,Major General in the U.S. Army,Yes,Episcopalian,"Zachary Taylor faced the challenge of navigating the issue of slavery as new states were added to the Union, leading to tension between the North and South",He also had to deal with the national debate over permitting slavery in the territories acquired after the Mexican-American War.,Zachary Taylor faced the challenge of managing territorial disputes with the United Kingdom,His presidency also grappled with tensions around the issue of slavery in newly admitted states.
Millard Fillmore,gpt-4,2024-07-14 16:50:49,1850-07-09 to 1853-03-04,1800-01-07,50,53,1874-03-08,74,Vice President of the United States,Vice President of the United States,No,Unitarian,"Millard Fillmore faced significant domestic challenges including dealing with the rising tensions between the North and South over the issue of slavery, as illustrated by the Compromise of 1850","He also grappled with domestic hostilities escalated by the controversial Fugitive Slave Act, which was part of the Compromise and became a major source of tension.","One major foreign policy challenge faced by Fillmore was navigating tensions with Cuba, as there was a strong interest in the U.S. to annex the island during his presidency","another significant challenge was managing the Commodore Perry expedition to Japan, which aimed to open the isolationist country to American trade and diplomacy."
Franklin Pierce,gpt-4,2024-07-14 16:51:01,1853-03-04 to 1857-03-04,1804-11-23,48,52,1869-10-08,64,U.S. Senator from New Hampshire,Senator from New Hampshire,Yes,Episcopalian,"Franklin Pierce faced the challenge of managing the Kansas-Nebraska Act, which sparked violent conflict between pro-slavery and anti-slavery factions",He also had to deal with his declining popularity and the fragmentation of his party (the Democrats) over his stance on slavery issues.,"Franklin Pierce faced the divisive issue of the expansion of slavery into new territories, emphasized by the Kansas-Nebraska Act, which sparked violent conflict","He also dealt with challenges surrounding the Ostend Manifesto, resulting in accusations of attempting to expand slave territory, further straining U.S relationships with other countries."
James Buchanan,gpt-4,2024-07-14 16:51:14,1857-03-04 to 1861-03-04,1791-04-23,65,70,1868-06-01,77,Secretary of State,Secretary of State under President Polk,No,Presbyterian,"One significant domestic challenge Buchanan faced was the increasing tension between the North and South regarding slavery, which eventually escalated to the American Civil War","Buchanan also grappled with the Panic of 1857, one of the worst financial crises in the history of the United States that resulted in the failure of thousands of businesses.","James Buchanan faced the challenge of the Ostend Manifesto controversy, which involved a failed attempt by the U.S. to buy Cuba from Spain, leading to strained relations between the two countries","He also grappled with the growing tensions with Britain regarding the completion of the Panama Railway, which had significant implications for international trade and diplomatic relations."
Abraham Lincoln,gpt-4,2024-07-14 16:51:27,1861-03-04 to 1865-04-15,1809-02-12,52,56,1865-04-15,56,U.S. Representative from Illinois,U.S. Representative from Illinois.,Yes,Protestant,"Abraham Lincoln faced the challenge of preserving the Union, as multiple Southern states seceded and triggered the Civil War following his election","He also faced the challenge of responding to slavery, specifically in terms of devising a policy that both appeased Northern abolitionists and did not incite further Southern rebellion.","One major foreign policy challenge faced by Abraham Lincoln was preventing foreign intervention, particularly from Britain and France, in the Civil War to aid the Confederacy",another challenge was managing relationships with foreign countries while the nation was divided and at war.
Andrew Johnson,gpt-4,2024-07-14 16:51:40,1865-04-15 to 1869-03-04,1808-12-29,56,60,1875-07-31,66,Vice President of the United States,Vice President of the United States,No,Methodist,"Andrew Johnson faced immense challenges in implementing his lenient Reconstruction policies after the Civil War, which earned him intense opposition from the Radical Republicans in Congress","Another major challenge was his impeachment by the House of Representatives in 1868, a political conflict resulting from his violation of the Tenure of Office Act.","Andrew Johnson faced the challenge of managing the aftermath of the American Civil War, particularly in dealing with the Southern States and their re-admission into the Union","He also had to navigate through the purchase of Alaska from Russia in 1867, which was a controversial issue at the time."
Ulysses S. Grant,gpt-4,2024-07-14 16:51:54,1869-03-04 to 1877-03-04,1822-04-27,46,54,1885-07-23,63,Commanding General of the U.S. Army,General of the Union Army,Yes,Methodist,"Ulysses S. Grant faced the challenge of Reconstruction in the South following the Civil War, with the task of reintegrating the Confederate states and establishing civil rights for former slaves","Additionally, Grant grappled with numerous corruption scandals that surfaced within his administration, damaging his and his administration's reputation.","One major foreign policy challenge faced by Ulysses S. Grant was the Alabama Claims, where the British government was found to be assisting the Confederacy during the American Civil War by building warships","Another challenge was the annexation of Santo Domingo, where Grant desired to annex the Dominican Republic into the United States, but Congress disagreed and rejected the proposition."
Rutherford B. Hayes,gpt-4,2024-07-14 16:52:07,1877-03-04 to 1881-03-04,1822-10-04,54,57,1893-01-17,70,Governor of Ohio,Governor of Ohio,Yes,Methodist,"One major domestic challenge faced by Rutherford B. Hayes was the controversy and turmoil surrounding his election, which was resolved only by the Compromise of 1877 and caused ongoing political tension","another significant challenge was ending the Reconstruction era, marked by difficulties in restoring Southern states to the Union and ensuring rights for African Americans post-Civil War.",One major foreign policy challenge that Hayes faced was the diplomatic crisis with Mexico in 1878 over the border territory in disputes between Texas and Mexico,"Another challenge was the Chinese ""coolie"" labor issue, where there was growing public sentiment against Chinese immigrants resulting in the passing of the Chinese Exclusion Act."
James A. Garfield,gpt-4,2024-07-14 16:52:21,1881-03-04 to 1881-09-19,1831-11-19,49,49,1881-09-19,49,Member of the U.S. House of Representatives,Member of the U.S. House of Representatives from Ohio.,Yes,Christianity,"James A. Garfield faced a significant domestic challenge regarding the patronage system, with its associated political corruption and infighting within the Republican party","Another major challenge was his assassination, which abruptly ended his administration and caused a shockwave of grief and uncertainty throughout the nation.","James A. Garfield's presidency was extremely short due to his assassination, limiting his ability to face significant foreign policy challenges. His terms chiefly consisted of internal problems and he didn't have any major explicit foreign policy challenges.",
Chester A. Arthur,gpt-4,2024-07-14 16:52:34,1881-09-19 to 1885-03-04,1829-10-05,51,56,1886-11-18,57,Vice President of the United States,Vice President of the United States,No,Episcopalian,"Chester A. Arthur faced the challenge of civil service reform, particularly after the assassination of President Garfield by an office-seeker led to public demand for change in the patronage system","another significant challenge was managing national unity and interstate relations, as tensions were high following the Civil War and during the ongoing Reconstruction period.","One major foreign policy challenge faced by Chester A. Arthur was the dispute with Chile over reparations due to the death and injury of U.S. sailors, which escalated tensions between the two nations","another challenge was enforcing the first U.S. federal immigration law - the Chinese Exclusion Act, which banned Chinese laborers from immigrating to the U.S., resulting in significant diplomatic issues with China."
Grover Cleveland,gpt-4,2024-07-14 16:52:50,1885-03-04 to 1889-03-04 and 1893-03-04 to 1897-03-04,1837-03-18,47,71,1908-06-24,71,Governor of New York,Governor of New York,No,Presbyterian,"Grover Cleveland faced a severe economic downturn during his second term known as the Panic of 1893, which led to widespread unemployment, bank failures, and a depression",he also struggled to maintain party unity and effectiveness in the face of a growing Populist movement and strong opposition within his own Democratic Party.,"Grover Cleveland faced the foreign policy challenge of managing tensions with Germany over Samoa, when both countries had interests in the Islands leading to a dispute","He also had to deal with the issue of the overthrow of Queen Liliuokalani and the annexation of Hawaii, which raised significant debates about imperialism and America's international role."
Benjamin Harrison,gpt-4,2024-07-14 16:53:02,1889-03-04 to 1893-03-04,1833-08-20,55,60,1901-03-13,67,U.S. Senator from Indiana,Senator of Indiana,Yes,Presbyterian,"One major domestic challenge faced by Benjamin Harrison was the McKinley Tariff of 1890, which raised import duties significantly and led to a public outcry due to increased price of goods","Another significant challenge was the Sherman Silver Purchase Act of 1890, which created inflation and undermined the nation's gold reserves, leading to economic instability.","Benjamin Harrison faced the challenge of negotiating trade agreements to expand American markets abroad, especially with Latin American countries",He also grappled with rising tension in the Pacific region due to America's Samoa policy and conflicts of interest with Germany and Britain over the control of the Samoa islands.
Grover Cleveland,gpt-4,2024-07-14 16:53:15,1885-03-04 to 1889-03-04 and 1893-03-04 to 1897-03-04,1837-03-18,47,69,1908-06-24,71,Governor of New York,Governor of New York,No,Presbyterian,"Grover Cleveland faced immense challenges with the Panic of 1893, a serious economic depression in the United States caused by overbuilding and over-speculation, railroad companies going bankrupt, and a run on the gold supply","He also struggled with the Pullman Strike in 1894, which significantly disrupted railroad operations nationwide and led to the government intervention to maintain order and keep the railways running.",One significant foreign policy challenge faced by Grover Cleveland was the Hawaiian revolution of 1893,"he had to manage relations with the new Republic of Hawaii and decide whether to annex the territory. Another challenge was the Venezuela Border Dispute of 1895 with Britain, where Cleveland had to intercede to enforce the Monroe Doctrine and maintain peaceful relations without going to war."
William McKinley,gpt-4,2024-07-14 16:53:29,1897-03-04 to 1901-09-14,1843-01-29,54,58,1901-09-14,58,Governor of Ohio,Governor of Ohio,Yes,Methodism,"William McKinley faced a major economic crisis known as the Panic of 1893, leading to his proposal of the Gold Standard Act as a solution",He also had to deal with the consequences of the Spanish-American War including the debate over imperialism and the treatment and status of newly acquired territories.,"One major foreign policy challenge faced by President William McKinley was the Spanish-American War, in which he had to navigate conflicts in Cuba and the Philippines, ultimately transforming the U.S. into a global power","Another challenge was the annexation of Hawaii, which involved controversy over the subjugation of the native Hawaiians and was closely tied to American imperial ambitions."
Theodore Roosevelt,gpt-4,2024-07-14 16:53:44,1901-09-14 to 1909-03-04,1858-10-27,42,50,1919-01-06,60,Vice President of the United States,Governor of New York,Yes,Episcopalian,"One major domestic challenge Theodore Roosevelt faced was reforming the corrupt and monopolistic practices in business, especially in the railroad and meatpacking industries","another challenge was the 1902 Coal Strike, a labor dispute that threatened coal production and could have impacted the nation's economy and the comfort of many homes.","One major foreign policy challenge faced by Theodore Roosevelt was managing relations with Japan and mitigating their aggressions in the Pacific, particularly after Japan's victory in the Russo-Japanese War",another challenge was the construction of the Panama Canal and the associated diplomatic difficulties with Colombia and Britain.
William Howard Taft,gpt-4,2024-07-14 16:53:57,1909-03-04 to 1913-03-04,1857-09-15,51,55,1930-03-08,72,Secretary of War,Secretary of War,No,Unitarian,"One major domestic challenge faced by William Howard Taft was the split in the Republican Party between the conservatives and the progressives, which significantly weakened his political position and his control over Congress","Another challenge was his failed attempts to reduce tariffs, as his Payne-Aldrich Tariff Act did not lower rates as much as many had hoped, leading to increased public criticism and a loss of political support.","William Howard Taft faced significant challenges with the Japanese intervention in Manchuria, which threatened American business interests and peace in the Pacific","Additionally, he struggled with the Nicaraguan Revolution, where his policy of Dollar Diplomacy led to U.S. military intervention, further straining U.S. relations with Latin American nations."
Woodrow Wilson,gpt-4,2024-07-14 16:54:12,1913-03-04 to 1921-03-04,1856-12-28,56,60,1924-02-03,67,Governor of New Jersey,Governor of New Jersey,No,Presbyterian,"One major domestic challenge faced by Woodrow Wilson was the struggle for racial equality, as his administration was known for segregating several federal offices that had been previously integrated",Another significant challenge was dealing with the economic disruption and social changes caused by the transition from a wartime to a peacetime economy after World War I.,"One major foreign policy challenge faced by Woodrow Wilson was dealing with World War I, as he initially aimed to keep the United States neutral but later had to lead the country into the war in 1917","Another challenge was the negotiation of the Treaty of Versailles and trying to get the U.S. Senate to approve the League of Nations, which ultimately failed."
Warren G. Harding,gpt-4,2024-07-14 16:54:25,1921-03-04 to 1923-08-02,1865-11-02,55,57,1923-08-02,57,U.S. Senator from Ohio,Senator of Ohio,No,Baptist,"Warren G. Harding faced the Teapot Dome Scandal, which was a bribery incident involving government oil reserves, causing significant damage to his administration's reputation",He also faced massive economic issues such as the depression of 1920–1921 early on in his term.,"Warren G. Harding faced the challenge of negotiating peace treaties to officially end World War I and the U.S. involvement, as the U.S. Senate had rejected the Treaty of Versailles",he also confronted the issue of rising tensions in the Middle East following the collapse of the Ottoman Empire.
Calvin Coolidge,gpt-4,2024-07-14 16:54:38,1923-08-02 to 1929-03-04,1872-07-04,51,54,1933-01-05,60,Vice President of the United States,Governor of Massachusetts,No,Congregationalist,One major domestic challenge faced by Calvin Coolidge was the aftermath of the Teapot Dome scandal that shook the faith of American people in their government and tarnished the reputation of the presidential office,another major challenge was addressing the increasing economic disparity in the country leading up to the Great Depression due to laissez-faire economic policies.,"Calvin Coolidge faced the challenge of managing relations with Mexico when the Mexican government threatened to confiscate foreign-owned property, including American oil interests","he also grappled with the signing of the Kellogg-Briand Pact, an international agreement made challenging due to its goal of outlawing war, which was difficult to enforce and followed by the U.S. Senate’s insistence on reservations."
Herbert Hoover,gpt-4,2024-07-14 16:54:51,1929-03-04 to 1933-03-04,1874-08-10,54,58,1964-10-20,90,Secretary of Commerce,Secretary of Commerce,No,Quaker,Herbert Hoover faced the unprecedented economic collapse known as the Great Depression during his term,"Additionally, he struggled with managing public perception as the crisis continued, often being criticized for his perceived inaction or ineffective action.","Herbert Hoover faced the foreign policy challenge of dealing with the onset of the Great Depression, which not only affected the U.S. but also the global economy, leading to international diplomatic and economic complexities","He also grappled with the issue of the Japanese invasion of Manchuria, a violation of the League of Nations charter that had significant implications for maintaining global peace and order."
Franklin D. Roosevelt,gpt-4,2024-07-14 16:55:06,1933-03-04 to 1945-04-12,1882-01-30,51,63,1945-04-12,63,Governor of New York,Governor of New York,No,Episcopalian,"Franklin D. Roosevelt faced the immense challenge of overcoming the Great Depression, which was the worst economic downturn in the history of the industrialized world","In addition, he had to contend with initiating social welfare reforms during an era marked by significant political resistance, as seen in the creation of the New Deal.","One major foreign policy challenge faced by Franklin D. Roosevelt was managing U.S. relations with Japan, which exacerbated after the attack on Pearl Harbor, leading to America's entry into World War II","Another significant challenge was deciding the best strategy to support allied nations in Europe without directly involving the U.S. in the early stages of World War II, pursued through the Lend-Lease Act."
Harry S. Truman,gpt-4,2024-07-14 16:55:19,1945-04-12 to 1953-01-20,1884-05-08,60,68,1972-12-26,88,Vice President of the United States,Vice President of the United States,Yes,Baptist,"Harry S. Truman faced significant challenges with domestic policy, including managing the transition from a wartime to a peacetime economy, which led to labor strikes and inflationary pressures","He also had to deal with civil rights issues, like racial segregation and discrimination, which sparked considerable social tension and change in the United States.","One major foreign policy challenge faced by Harry S. Truman was managing the end of World War II and navigating the post-war international order, which included decision making about the use of atomic weapons on Japan","another was dealing with the rise of the Soviet Union, setting the stage for the Cold War."
Dwight D. Eisenhower,gpt-4,2024-07-14 16:55:33,1953-01-20 to 1961-01-20,1890-10-14,62,70,1969-03-28,78,Supreme Allied Commander Europe,Supreme Allied Commander Europe (NATO),Yes,Presbyterian,One major domestic challenge faced by Dwight D. Eisenhower was dealing with the Civil Rights Movement and enforcing the desegregation of public schools following the Brown v. Board of Education Supreme Court decision,another was managing the economic recession in the late 1950s and keeping the American economy vibrant and strong during Cold War competition.,Dwight D. Eisenhower faced the challenge of resolving the Korean War that had begun before his presidency and working towards peace in Korea,"He also dealt with the Suez Crisis in 1956, in which he had to manage relations with Britain, France, and Israel after their invasion of Egypt."
John F. Kennedy,gpt-4,2024-07-14 16:55:46,1961-01-20 to 1963-11-22,1917-05-29,43,46,1963-11-22,46,U.S. Senator from Massachusetts,Senator of Massachusetts,Yes,Catholic,John F. Kennedy faced the challenge of pushing for civil rights reforms and ending racial segregation amid considerable resistance from some parts of the US population and government,"Another domestic challenge was dealing with an economic recession, as he had to stimulate growth and control inflation.","The first major foreign policy challenge faced by John F. Kennedy was the Cold War which had related incidents like the Cuban Missile Crisis, wherein the Soviet Union placed nuclear missiles in Cuba propelling the world to the brink of a nuclear war","The second challenge was the increasing tensions and events leading to the Vietnam War, a conflict that escalated significantly under his successor, Lyndon B. Johnson."
Lyndon B. Johnson,gpt-4,2024-07-14 16:55:58,1963-11-22 to 1969-01-20,1908-08-27,55,60,1973-01-22,64,Vice President of the United States,Vice President of the United States,Yes,Lutheran,"Lyndon B. Johnson faced significant opposition to his ""Great Society"" social programs, with criticism that they were ineffective and costly",he also faced major domestic unrest and cultural division during the civil rights movement and protests against the Vietnam War.,"Lyndon B. Johnson faced the escalation of the Vietnam War, which became increasingly unpopular domestically and internationally","He also faced friction with the Soviet Union during the Cold War, including issues such as the Space Race and nuclear arms control."
Richard Nixon,gpt-4,2024-07-14 16:56:11,1969-01-20 to 1974-08-08,1913-01-09,56,61,1994-04-22,81,Vice President of the United States,Vice President of the United States,Yes,Quaker,"One of the major domestic challenges faced by Richard Nixon was the Watergate scandal, where his administration was accused of breaking into the Democratic National Committee headquarters, leading to a major political controversy and his subsequent resignation",Another significant challenge was the ongoing Vietnam War which caused huge civil unrest and widespread protests across the country.,"One major foreign policy challenge faced by Richard Nixon was navigating the Vietnam War, seeking a respectable end to the conflict but facing major opposition domestically and internationally","another challenge was the tension between the United States and the Soviet Union during the height of the Cold War, which he tried to alleviate through diplomatic Europe visits and negotiations for arms control."
Gerald Ford,gpt-4,2024-07-14 16:56:25,1974-08-09 to 1977-01-20,1913-07-14,61,63,2006-12-26,93,Vice President of the United States,Vice President of the United States,Yes,Episcopalian,Gerald Ford faced the challenge of managing the economic recession which resulted in high inflation and unemployment - also known as stagflation,"Additionally, he had to deal with the aftermath of the Watergate Scandal and the loss of confidence in the Presidency, for which he controversially pardoned Richard Nixon.","Gerald Ford faced the challenge of managing the final stages of the Vietnam War, which included evacuation of Americans and allies during the Fall of Saigon","He also had to navigate the Cold War tensions, particularly enhancing détente with the Soviet Union and responding to the Soviet Union's increasing influence in Africa."
Jimmy Carter,gpt-4,2024-07-14 16:56:39,1977-01-20 to 1981-01-20,1924-10-01,52,56,"As of my knowledge up to October 2021, former U.S. President Jimmy Carter is still alive.","As of the latest updates, former U.S. President Jimmy Carter is still alive.",Governor of Georgia,Governor of Georgia,Yes,Baptist,"Jimmy Carter's presidency saw the occurrence of the Energy Crisis, where petrol prices greatly increased due to reduced production following Iranian and Iraqi political issues","additionally, Carter faced significant economic challenges such as high inflation, high unemployment rates known as stagflation.","One of the major foreign policy challenges faced by Jimmy Carter was the Iran Hostage Crisis, where 52 American diplomats were held hostage for 444 days by Iranian students","another key challenge was the Soviet invasion of Afghanistan in 1979, which led to Carter's decision to boycott the 1980 Summer Olympics in Moscow and implement economic sanctions against the USSR."
Ronald Reagan,gpt-4,2024-07-14 16:56:53,1981-01-20 to 1989-01-20,1911-02-06,69,77,2004-06-05,93,Governor of California,Governor of California,Yes,Presbyterian,"One of the significant domestic challenges faced by Ronald Reagan was the economic recession, with high levels of inflation and unemployment during the early years of his presidency",Another challenge was the AIDS epidemic which surfaced during his tenure and his administration was criticized for its slow response to the crisis.,"Ronald Reagan faced the challenge of the ongoing Cold War with the Soviet Union, which included a dangerous nuclear arms race and significant ideological differences",He also had to address the Iran-Contra affair - a clandestine operation that involved the illegal sale of arms to Iran and the funding of Contra rebels in Nicaragua.
George H. W. Bush,gpt-4,2024-07-14 16:57:07,1989-01-20 to 1993-01-20,1924-06-12,64,68,2018-11-30,94,Vice President of the United States,Vice President of the United States,Yes,Episcopalian,"George H. W. Bush faced the challenge of a significant economic downturn, which led to rising unemployment rates and a budget deficit","He was also confronted with the issue of healthcare reform, as many Americans were without healthcare coverage and costs were skyrocketing.","George H. W. Bush faced the significant challenge of managing the end of the Cold War and the dissolution of the Soviet Union, a complex and potentially destabilizing situation","another major foreign policy challenge was the Persian Gulf War of 1991, when he had to assemble an international coalition against Iraq after Saddam Hussein's invasion of Kuwait."
Bill Clinton,gpt-4,2024-07-14 16:57:21,1993-01-20 to 2001-01-20,1946-08-19,46,54,"As of my knowledge up to date, former U.S. President Bill Clinton is still alive.",Bill Clinton is still alive as of the last updated information.,Governor of Arkansas,Governor of Arkansas,No,Baptist,"One major domestic challenge faced by Bill Clinton was the Whitewater scandal, a failed real estate investment that led to investigations into potential illegal activities","Another challenge was the Monica Lewinsky scandal, which resulted in impeachment proceedings for perjury and obstruction of justice.","During his presidency, Bill Clinton faced the challenge of the Bosnian War, which required U.S. involvement to negotiate peace and stability in the region","He also had to deal with a series of tense standoffs with Iraq over non-compliance with UN resolutions, leading to Operation Desert Fox, a major bombing campaign on Iraqi targets."
George W. Bush,gpt-4,2024-07-14 16:57:34,2001-01-20 to 2009-01-20,1946-07-06,54,62,"As of the last update, George W. Bush is still alive.","As of my current knowledge up to October 2021, George W. Bush is still alive.",Governor of Texas,Governor of Texas,Yes,Methodist,"One of the major domestic challenges faced by George W. Bush was the response to the 9/11 terrorist attacks, including the subsequent implementation of sweeping measures such as the USA PATRIOT Act","another significant challenge was handling the economic crisis of 2008, triggered by a housing market bust and leading to widespread economic instability and job losses.","George W. Bush faced the challenge of responding to the terrorist attacks on September 11, 2001, which led to the U.S. invasions of Afghanistan and Iraq","He also faced the challenge of managing international relations during these wars, particularly with regard to issues of human rights and weapons of mass destruction."
Barack Obama,gpt-4,2024-07-14 16:57:49,2009-01-20 to 2017-01-20,1961-08-04,47,55,"As of my last update, Barack Obama is still alive.","As of my last update, Barack Obama is still alive.",U.S. Senator from Illinois,Senator of Illinois,No,Christianity,"One of the major domestic challenges faced by Barack Obama was the Great Recession, which started in 2008","his administration had to work on stimulating economic growth and reducing unemployment. Another significant challenge was the mounting national healthcare situation, which led to the highly controversial Affordable Care Act, famously known as Obamacare.","Barack Obama faced the challenge of handling the ongoing wars in Iraq and Afghanistan, shaping the United States' military involvement and developing a strategy for withdrawal","He also faced the challenge of responding to the Arab Spring, a wave of pro-democracy protests and revolutions in the Middle East that began in 2010, which involved navigating US relations with key Middle Eastern countries undergoing political change."
Donald Trump,gpt-4,2024-07-14 16:58:03,2017-01-20 to 2021-01-20,1946-06-14,70,74,"As of the time I was last updated, former President Donald Trump is still alive.","As of my current knowledge update in October 2021, Donald Trump is alive. Therefore, I am unable to provide an age at death.",Donald Trump did not have a prior government role before becoming president.,Donald Trump did not hold any other political role before becoming president.,No,Presbyterian,"Donald Trump faced significant domestic challenges including the management and response to the COVID-19 pandemic, which led to a public health crisis and economic downturn","he also was met with wide-ranging social unrest and protests, such as the Black Lives Matter movement, sparked by issues of systemic racism and police brutality.",One significant foreign policy challenge faced by Donald Trump was handling the nuclear threats and human rights issues posed by North Korea,another was addressing the complex trade and intellectual property issues with China.
Joe Biden,gpt-4,2024-07-14 16:58:16,2021-01-20 to present,1942-11-20,78,"Joe Biden is currently serving as the President of the U.S., he has not yet exited office.","As of my last update, Joe Biden is still alive.","As of my last update, Joe Biden is still alive.",Vice President of the United States,Vice President of the United States,No,Catholic,Joe Biden faced a major challenge in managing the COVID-19 pandemic as well as its economic impact,he also struggled with the political polarization and division within the country.,One major foreign policy challenge faced by Joe Biden is managing the withdrawal of U.S. troops from Afghanistan and navigating the subsequent reassertion of the Taliban's power in the region,"Another major challenge is dealing with China's economic and military rise, which includes complex issues like trade policies, human rights abuses in regions like Xinjiang, and tensions in the Taiwan Strait."
